name,pos,team,bye,adp,py,ptd,ry,rtd,recy,rectd,rec,fg39,fg40,fg50,pat,pa_pg,note,sacks,turnovers,dst_td,src
Josh Allen,QB,BUF,7,21,3900,29,540,10,0,0,,,,,,,led QB rush TDs w14 in 2025 - elite in HFL,,,,
Lamar Jackson,QB,BAL,13,38,3750,28,720,5,0,0,,,,,,,elite rusher - 84pct available at your 26,,,,
Jayden Daniels,QB,WAS,7,50,3600,23,780,6,0,0,,,,,,,huge rush floor - great value at 54,,,,
Jalen Hurts,QB,PHI,10,60,3250,24,470,9,0,0,,,,,,,tush push TDs - 70pct available at 54,,,,
Drake Maye,QB,NE,11,65,3900,26,380,4,0,0,,,,,,,rising - NE offense improved,,,,
Joe Burrow,QB,CIN,6,70,4400,32,120,2,0,0,,,,,,,volume passer - TDs carry him here,,,,
Patrick Mahomes,QB,KC,5,75,4100,28,340,3,0,0,,,,,,,,,,,
Justin Herbert,QB,LAC,7,88,4000,26,250,3,0,0,,,,,,,,,,,
Bo Nix,QB,DEN,10,95,3600,24,420,5,0,0,,,,,,,sneaky rush TDs,,,,
Caleb Williams,QB,CHI,10,105,3700,24,400,4,0,0,,,,,,,,,,,
Brock Purdy,QB,SF,8,110,3800,25,180,2,0,0,,,,,,,,,,,
Kyler Murray,QB,ARI,14,120,3500,22,520,5,0,0,,,,,,,rush upside,,,,
Baker Mayfield,QB,TB,10,125,3900,28,180,3,0,0,,,,,,,,,,,
Jared Goff,QB,DET,6,135,4200,29,60,1,0,0,,,,,,,pocket - no rush floor,,,,
Ja'Marr Chase,WR,CIN,6,4,0,0,20,0,1450,11,128,,,,,,WR1 - elite TD volume,,,,
Puka Nacua,WR,LAR,11,5,0,0,40,0,1400,8,104,,,,,,WR1 overall 2025 - INJURY WATCH not practicing,,,,
Jaxon Smith-Njigba,WR,SEA,11,3,0,0,10,0,1750,10,123,,,,,,1800 yds 10 TD 2025 - target share leader,,,,
Amon-Ra St. Brown,WR,DET,6,12,0,0,20,0,1250,10,104,,,,,,red zone monster,,,,
Nico Collins,WR,HOU,8,16,0,0,0,0,1200,8,82,,,,,,Higgins ACL means more targets,,,,
Malik Nabers,WR,NYG,8,18,0,0,0,0,1200,7,101,,,,,,,,,,
CeeDee Lamb,WR,DAL,14,14,0,0,10,0,1300,7,102,,,,,,volume WR - needs TD bounce,,,,
Drake London,WR,ATL,11,22,0,0,0,0,1200,9,92,,,,,,strong red zone role,,,,
A.J. Brown,WR,NE,11,25,0,0,0,0,1100,9,76,,,,,,46pct of value from TDs,,,,
Brian Thomas Jr.,WR,JAX,7,28,0,0,20,0,1250,8,84,,,,,,,,,,
Tee Higgins,WR,CIN,6,32,0,0,0,0,950,9,66,,,,,,elite TD rate,,,,
Tetairoa McMillan,WR,CAR,5,36,0,0,0,0,1100,7,81,,,,,,,,,,
Ladd McConkey,WR,LAC,7,40,0,0,0,0,1050,6,80,,,,,,,,,,
Garrett Wilson,WR,NYJ,13,44,0,0,0,0,1050,6,89,,,,,,,,,,
Marvin Harrison Jr.,WR,ARI,14,48,0,0,0,0,1000,8,71,,,,,,,,,,
Rome Odunze,WR,CHI,10,52,0,0,0,0,950,8,73,,,,,,TD upside,,,,
DK Metcalf,WR,PIT,9,56,0,0,0,0,950,7,64,,,,,,,,,,
Terry McLaurin,WR,WAS,7,62,0,0,0,0,950,8,64,,,,,,,,,,
Jerry Jeudy,WR,CLE,11,72,0,0,0,0,900,5,69,,,,,,,,,,
Xavier Worthy,WR,KC,5,76,0,0,60,1,900,6,69,,,,,,,,,,
Jameson Williams,WR,DET,6,80,0,0,40,0,900,6,69,,,,,,,,,,
Emeka Egbuka,WR,TB,10,84,0,0,0,0,900,7,69,,,,,,TOE INJURY week 1 uncertain,,,,
Chris Godwin Jr.,WR,TB,10,90,0,0,0,0,800,5,62,,,,,,age 30 - 18 games missed in 2 yrs,,,,
Jayden Reed,WR,GB,11,100,0,0,40,0,800,6,62,,,,,,,,,,
Jakobi Meyers,WR,LV,13,115,0,0,0,0,850,5,65,,,,,,,,,,
Khalil Shakir,WR,BUF,7,130,0,0,0,0,800,5,62,,,,,,,,,,
Rashid Shaheed,WR,NO,8,145,0,0,0,0,750,5,58,,,,,,,,,,
Jahmyr Gibbs,RB,DET,6,1,0,0,1050,12,500,3,53,,,,,,elite TD volume - best RB in HFL,,,,
Bijan Robinson,RB,ATL,11,2,0,0,1150,10,450,3,52,,,,,,,,,,
De'Von Achane,RB,MIA,6,8,0,0,850,9,500,3,62,,,,,,,,,,
Christian McCaffrey,RB,SF,8,11,0,0,900,8,550,3,67,,,,,,,,,,
Saquon Barkley,RB,PHI,10,6,0,0,1250,10,300,1,33,,,,,,NEG red zone regression 2 straight yrs,,,,
Chase Brown,RB,CIN,6,10,0,0,950,9,400,2,50,,,,,,climbed to RB6,,,,
Ashton Jeanty,RB,LV,13,20,0,0,1100,8,350,2,44,,,,,,ANKLE SPRAIN - fell 4 spots,,,,
Kyren Williams,RB,LAR,11,26,0,0,1000,11,250,1,31,,,,,,goal line monopoly,,,,
James Cook III,RB,BUF,7,30,0,0,950,12,300,2,34,,,,,,elite TD rate w Allen,,,,
Josh Jacobs,RB,GB,11,44,0,0,1000,11,300,2,36,,,,,,fell 13 spots,,,,
Derrick Henry,RB,BAL,13,34,0,0,1200,13,150,1,19,,,,,,pure TD back - fits HFL,,,,
Bucky Irving,RB,TB,10,42,0,0,950,7,400,2,50,,,,,,,,,,
Omarion Hampton,RB,LAC,7,46,0,0,950,8,350,2,44,,,,,,,,,,
TreVeyon Henderson,RB,NE,11,58,0,0,850,8,350,2,44,,,,,,,,,,
David Montgomery,RB,HOU,8,68,0,0,800,11,200,1,25,,,,,,POSITIVE TD REGRESSION - goal line role,,,,
Kenneth Walker III,RB,SEA,11,74,0,0,900,8,300,2,38,,,,,,,,,,
D'Andre Swift,RB,CHI,10,86,0,0,850,7,350,2,44,,,,,,24 inside-10 attempts,,,,
Quinshon Judkins,RB,CLE,11,92,0,0,850,8,250,1,31,,,,,,,,,,
Chuba Hubbard,RB,CAR,5,108,0,0,800,7,250,1,31,,,,,,HAMSTRING week to week,,,,
Woody Marks,RB,HOU,8,118,0,0,750,6,300,3,38,,,,,,,,,,
Tyrone Tracy Jr.,RB,NYG,8,128,0,0,700,5,300,1,38,,,,,,NECK injury preseason,,,,
Rhamondre Stevenson,RB,NE,11,140,0,0,700,6,250,1,31,,,,,,held out of finale,,,,
Brock Bowers,TE,LV,13,24,0,0,0,0,1150,7,104,,,,,,elite TE - big VORP gap,,,,
Trey McBride,TE,ARI,14,29,0,0,0,0,1050,6,103,,,,,,,,,,
George Kittle,TE,SF,8,50,0,0,0,0,900,7,65,,,,,,TD rate strong,,,,
Sam LaPorta,TE,DET,6,64,0,0,0,0,850,7,78,,,,,,,,,,
Travis Kelce,TE,KC,5,78,0,0,0,0,800,6,77,,,,,,,,,,
Tucker Kraft,TE,GB,11,94,0,0,0,0,750,6,68,,,,,,,,,,
Mark Andrews,TE,BAL,13,98,0,0,0,0,700,7,60,,,,,,red zone role,,,,
T.J. Hockenson,TE,MIN,6,112,0,0,0,0,750,5,68,,,,,,,,,,
Evan Engram,TE,DEN,10,124,0,0,0,0,700,4,64,,,,,,,,,,
David Njoku,TE,CLE,11,132,0,0,0,0,650,5,59,,,,,,,,,,
Juwan Johnson,TE,NO,8,150,0,0,0,0,700,4,64,,,,,,,,,,
Dallas Goedert,TE,PHI,10,160,0,0,0,0,600,5,55,,,,,,,,,,
Brandon Aubrey,K,DAL,14,105,,,,,,,,19,13,8,38,,BEST K - Knight Moves took rd9 and won it all,,,,
Cameron Dicker,K,LAC,7,115,,,,,,,,19,11,9,34,,170 HFL pts 2025 - 92.7pct accurate,,,,
Jake Bates,K,DET,6,140,,,,,,,,18,11,5,40,,strong leg,,,,
Chris Boswell,K,PIT,9,150,,,,,,,,11,7,9,42,,PIT stalls in red zone - ideal profile,,,,
Ka'imi Fairbairn,K,HOU,8,158,,,,,,,,22,13,5,36,,,,,,
Harrison Butker,K,KC,5,165,,,,,,,,17,10,3,42,,KC scores TDs - fewer FG chances,,,,
Chase McLaughlin,K,TB,10,168,,,,,,,,18,10,4,36,,,,,,
Tyler Bass,K,BUF,7,172,,,,,,,,16,9,3,44,,BUF TD heavy - PATs only 1pt,,,,
Wil Lutz,K,DEN,10,175,,,,,,,,18,10,4,33,,,,,,
Jake Elliott,K,PHI,10,178,,,,,,,,17,9,3,38,,,,,,
Broncos,DEF,DEN,10,145,,,,,,,,,,,,16.5,top 2025 defense,68,14,2,
Texans,DEF,HOU,8,150,,,,,,,,,,,,17.4,141 HFL pts 2025,47,29,4,
Eagles,DEF,PHI,10,160,,,,,,,,,,,,18.0,,42,21,3,
Ravens,DEF,BAL,13,163,,,,,,,,,,,,18.5,,30,20,2,
Vikings,DEF,MIN,6,166,,,,,,,,,,,,19.0,,49,21,2,
Steelers,DEF,PIT,9,170,,,,,,,,,,,,19.5,,48,27,3,
Chargers,DEF,LAC,7,172,,,,,,,,,,,,19.5,,45,23,0,
Lions,DEF,DET,6,150,,,,,,,,,,,,20.0,,49,19,1,
Bills,DEF,BUF,7,175,,,,,,,,,,,,20.5,,36,20,3,
Packers,DEF,GB,11,178,,,,,,,,,,,,20.5,,36,14,0,
Bhayshul Tuten,RB,JAX,7,54,0,0,800,7,250,1,31,,,,,,Etienne gone - Rodriguez competition,,,,
Travis Etienne Jr.,RB,NO,8,96,0,0,750,6,300,2,38,,,,,,,,,,
Isiah Pacheco,RB,KC,5,102,0,0,700,7,200,1,25,,,,,,KC goal line,,,,
Tony Pollard,RB,TEN,9,106,0,0,750,5,300,1,38,,,,,,,,,,
Jaylen Warren,RB,PIT,9,112,0,0,700,5,350,2,44,,,,,,,,,,
Braelon Allen,RB,NYJ,13,122,0,0,650,7,200,1,25,,,,,,goal line role,,,,
Tank Bigsby,RB,PHI,10,126,0,0,550,7,120,1,15,,,,,,elite handcuff - PHI scoring env,,,,
Jordan Mason,RB,MIN,6,134,0,0,650,5,180,1,22,,,,,,,,,,
Zach Charbonnet,RB,SEA,11,136,0,0,600,6,250,1,31,,,,,,,,,,
Kaleb Johnson,RB,PIT,9,142,0,0,600,5,180,1,22,,,,,,,,,,
Chris Rodriguez Jr.,RB,JAX,7,148,0,0,550,5,120,1,15,,,,,,late steal candidate,,,,
Ray Davis,RB,BUF,7,152,0,0,500,5,200,1,25,,,,,,BUF goal line vulture,,,,
Tyjae Spears,RB,TEN,9,156,0,0,500,4,220,1,28,,,,,,,,,,
Jerome Ford,RB,CLE,11,164,0,0,500,4,200,1,25,,,,,,,,,,
Calvin Ridley,WR,TEN,9,88,0,0,0,0,900,6,69,,,,,,,,,,
Stefon Diggs,WR,NE,11,104,0,0,0,0,850,6,65,,,,,,1013 yds 2025 - 10th rd value,,,,
Michael Pittman Jr.,WR,IND,13,110,0,0,0,0,800,6,62,,,,,,,,,,
Courtland Sutton,WR,DEN,10,114,0,0,0,0,800,7,56,,,,,,red zone target,,,,
Zay Flowers,WR,BAL,13,118,0,0,40,0,850,5,64,,,,,,TD regression candidate,,,,
Deebo Samuel Sr.,WR,WAS,7,122,0,0,120,1,700,4,54,,,,,,,,,,
Jauan Jennings,WR,SF,8,126,0,0,0,0,750,5,58,,,,,,,,,,
Josh Downs,WR,IND,13,134,0,0,0,0,700,4,54,,,,,,,,,,
Rashee Rice,WR,KC,5,136,0,0,0,0,800,6,70,,,,,,,,,,
Keon Coleman,WR,BUF,7,142,0,0,0,0,700,6,54,,,,,,BUF red zone,,,,
Romeo Doubs,WR,GB,11,146,0,0,0,0,650,5,50,,,,,,,,,,
Darnell Mooney,WR,ATL,11,152,0,0,0,0,700,4,54,,,,,,,,,,
Brandin Cooks,WR,DAL,14,158,0,0,0,0,600,4,46,,,,,,Lamb handcuff,,,,
Luther Burden III,WR,CHI,10,162,0,0,0,0,650,4,50,,,,,,groin - back for wk1,,,,
Matthew Golden,WR,GB,11,166,0,0,0,0,650,5,50,,,,,,,,,,
Jalen McMillan,WR,TB,10,172,0,0,0,0,600,5,46,,,,,,,,,,
Ricky Pearsall,WR,SF,8,176,0,0,0,0,650,4,50,,,,,,,,,,
Tyler Warren,TE,IND,13,120,0,0,0,0,650,5,59,,,,,,,,,,
Colston Loveland,TE,CHI,10,138,0,0,0,0,600,5,55,,,,,,,,,,
Jake Ferguson,TE,DAL,14,144,0,0,0,0,600,4,55,,,,,,,,,,
Hunter Henry,TE,NE,11,156,0,0,0,0,550,5,50,,,,,,red zone role,,,,
Chig Okonkwo,TE,TEN,9,168,0,0,0,0,550,3,50,,,,,,,,,,
Trevor Lawrence,QB,JAX,7,140,3700,23,320,3,0,0,,,,,,,,,,,
Michael Penix Jr.,QB,ATL,11,145,3800,24,150,2,0,0,,,,,,,,,,,
Cam Ward,QB,TEN,9,155,3500,21,300,3,0,0,,,,,,,,,,,
Jordan Love,QB,GB,11,130,3800,26,200,2,0,0,,,,,,,,,,,
Evan McPherson,K,CIN,6,180,,,,,,,,18,10,4,35,,,,,,
Jason Sanders,K,MIA,6,185,,,,,,,,17,10,4,30,,MIA stalls - good FG profile,,,,
Brandon McManus,K,GB,11,188,,,,,,,,17,10,4,36,,,,,,
Cameron Little,K,JAX,7,190,,,,,,,,17,9,4,32,,,,,,
49ers,DEF,SF,8,180,,,,,,,,,,,,20.0,,20,16,1,
Chiefs,DEF,KC,5,182,,,,,,,,,,,,20.5,,35,14,0,
Seahawks,DEF,SEA,11,184,,,,,,,,,,,,21.0,,47,25,7,
Jets,DEF,NYJ,13,186,,,,,,,,,,,,21.5,,26,4,4,
Jaylen Waddle,WR,DEN,8,92,0,0,0,0,850,5,65,,,,,,,,,,
Chris Olave,WR,NO,8,100,0,0,0,0,800,5,62,,,,,,,,,,
DeVonta Smith,WR,PHI,10,86,0,0,0,0,850,6,63,,,,,,,,,,
Jordan Addison,WR,MIN,6,124,0,0,0,0,780,5,60,,,,,,,,,,
DJ Moore,WR,BUF,7,130,0,0,0,0,780,5,60,,,,,,,,,,
Michael Wilson,WR,ARI,14,175,0,0,0,0,600,4,46,,,,,,,,,,
Quentin Johnston,WR,LAC,7,168,0,0,0,0,620,5,48,,,,,,,,,,
Wan'Dale Robinson,WR,TEN,9,180,0,0,0,0,600,3,46,,,,,,,,,,
Alec Pierce,WR,IND,13,172,0,0,0,0,620,4,48,,,,,,,,,,
Adonai Mitchell,WR,NYJ,13,186,0,0,0,0,550,3,42,,,,,,,,,,
Tre Tucker,WR,LV,13,182,0,0,0,0,580,4,45,,,,,,,,,,
Christian Watson,WR,GB,11,178,0,0,0,0,580,4,45,,,,,,,,,,
Breece Hall,RB,NYJ,13,50,0,0,850,7,300,2,36,,,,,,,,,,
Jonathan Taylor,RB,IND,15,13,0,0,1150,12,250,1,31,,,,,,,,,,
Rico Dowdle,RB,PIT,9,146,0,0,700,5,220,1,28,,,,,,,,,,
Blake Corum,RB,LAR,11,160,0,0,550,5,180,1,22,,,,,,,,,,
Kenny Gainwell,RB,TB,10,176,0,0,500,4,200,1,25,,,,,,,,,,
Tyler Allgeier,RB,ARI,14,170,0,0,550,5,120,1,15,,,,,,,,,,
Rachaad White,RB,WAS,7,174,0,0,520,4,250,1,31,,,,,,,,,,
Kyle Pitts Sr.,TE,ATL,11,155,0,0,0,0,620,4,56,,,,,,,,,,
Dalton Kincaid,TE,BUF,7,148,0,0,0,0,600,5,55,,,,,,,,,,
Harold Fannin Jr.,TE,CLE,11,165,0,0,0,0,580,4,53,,,,,,,,,,
Isaiah Likely,TE,NYG,8,175,0,0,0,0,550,4,50,,,,,,,,,,
Pat Freiermuth,TE,PIT,9,178,0,0,0,0,520,4,47,,,,,,,,,,
Brenton Strange,TE,JAX,7,182,0,0,0,0,540,3,49,,,,,,,,,,
Dak Prescott,QB,DAL,14,128,3900,26,150,2,0,0,,,,,,,,,,,
Sam Darnold,QB,SEA,11,160,3600,23,180,2,0,0,,,,,,,,,,,
Matthew Stafford,QB,,,200,4707,46,1,0,,,,,,,,,"2025 actuals over 17 games, pro-rated to 17",,,,espn2025
Jacoby Brissett,QB,,,204,4402,30,220,1,,,,,,,,,"2025 actuals over 13 games, pro-rated to 17",,,,espn2025
Aaron Rodgers,QB,,,208,3530,26,65,1,,,,,,,,,"2025 actuals over 16 games, pro-rated to 17",,,,espn2025
Daniel Jones,QB,,,212,4055,25,214,7,,,,,,,,,"2025 actuals over 13 games, pro-rated to 17",,,,espn2025
C.J. Stroud,QB,,,216,3693,23,254,1,,,,,,,,,"2025 actuals over 14 games, pro-rated to 17",,,,espn2025
Geno Smith,QB,,,220,3428,22,124,0,,,,,,,,,"2025 actuals over 15 games, pro-rated to 17",,,,espn2025
Bryce Young,QB,,,224,3199,24,230,2,,,,,,,,,"2025 actuals over 16 games, pro-rated to 17",,,,espn2025
Tua Tagovailoa,QB,,,228,3230,24,52,0,,,,,,,,,"2025 actuals over 14 games, pro-rated to 17",,,,espn2025
Joe Flacco,QB,,,232,3242,20,46,1,,,,,,,,,"2025 actuals over 13 games, pro-rated to 17",,,,espn2025
Tyler Shough,QB,,,236,3218,14,251,4,,,,,,,,,"2025 actuals over 10 games, pro-rated to 17",,,,espn2025
Jaxson Dart,QB,,,240,2759,18,591,11,,,,,,,,,"2025 actuals over 14 games, pro-rated to 17",,,,espn2025
Mac Jones,QB,,,244,2904,18,81,0,,,,,,,,,"2025 actuals over 11 games, pro-rated to 17",,,,espn2025
Kirk Cousins,QB,,,248,2323,14,9,1,,,,,,,,,"2025 actuals over 10 games, pro-rated to 17",,,,espn2025
Marcus Mariota,QB,,,252,2288,14,401,1,,,,,,,,,"2025 actuals over 10 games, pro-rated to 17",,,,espn2025
J.J. McCarthy,QB,,,256,2203,15,244,5,,,,,,,,,"2025 actuals over 10 games, pro-rated to 17",,,,espn2025
Justin Fields,QB,,,260,1700,9,517,5,,,,,,,,,"2025 actuals over 9 games, pro-rated to 17",,,,espn2025
Spencer Rattler,QB,NO,8,999,2141,11,225,0,0,0,0,,,,,,"2025 actuals over 8 games, pro-rated to 17",,,,espn2025
Shedeur Sanders,QB,CLE,11,999,1890,9,228,1,0,0,0,,,,,,"2025 actuals over 8 games, pro-rated to 17",,,,espn2025
George Pickens,WR,DAL,14,999,0,0,0,0,1429,9,93,,,,,,"2025 actuals over 17 games, pro-rated to 17",,,,espn2025
Javonte Williams,RB,DAL,14,999,0,0,1276,12,146,2,37,,,,,,"2025 actuals over 16 games, pro-rated to 17",,,,espn2025
Kyle Monangai,RB,CHI,10,999,0,0,783,5,164,0,18,,,,,,"2025 actuals over 17 games, pro-rated to 17",,,,espn2025
RJ Harvey,RB,DEN,10,999,0,0,540,7,356,5,47,,,,,,"2025 actuals over 17 games, pro-rated to 17",,,,espn2025
Jacory Croskey-Merritt,RB,WSH,,999,0,0,805,8,68,0,9,,,,,,"2025 actuals over 17 games, pro-rated to 17",,,,espn2025
Parker Washington,WR,JAX,7,999,0,0,0,0,960,6,66,,,,,,"2025 actuals over 15 games, pro-rated to 17",,,,espn2025
J.K. Dobbins,RB,DEN,10,999,0,0,1042,5,50,0,15,,,,,,"2025 actuals over 10 games, pro-rated to 17",,,,espn2025
Kimani Vidal,RB,LAC,7,999,0,0,868,4,184,1,22,,,,,,"2025 actuals over 12 games, pro-rated to 17",,,,espn2025
Dalton Schultz,TE,HOU,8,999,0,0,0,0,777,3,82,,,,,,"2025 actuals over 17 games, pro-rated to 17",,,,espn2025
Keenan Allen,WR,IND,13,999,0,0,0,0,777,4,81,,,,,,"2025 actuals over 17 games, pro-rated to 17",,,,espn2025
Aaron Jones Sr.,RB,MIN,6,999,0,0,740,3,269,1,38,,,,,,"2025 actuals over 12 games, pro-rated to 17",,,,espn2025
Troy Franklin,WR,DEN,10,999,0,0,13,0,753,6,69,,,,,,"2025 actuals over 16 games, pro-rated to 17",,,,espn2025
Oronde Gadsden,TE,LAC,7,999,0,0,0,0,753,3,56,,,,,,"2025 actuals over 15 games, pro-rated to 17",,,,espn2025
Alvin Kamara,RB,NO,8,999,0,0,636,1,251,0,45,,,,,,"2025 actuals over 11 games, pro-rated to 17",,,,espn2025
Cam Skattebo,RB,NYG,8,999,0,0,554,7,279,3,32,,,,,,"2025 actuals over 8 games, pro-rated to 17",,,,espn2025
Emanuel Wilson,RB,SEA,11,999,0,0,527,3,105,0,16,,,,,,"2025 actuals over 16 games, pro-rated to 17",,,,espn2025
Cooper Kupp,WR,SEA,11,999,0,0,0,0,630,2,50,,,,,,"2025 actuals over 16 games, pro-rated to 17",,,,espn2025
Devin Singletary,RB,NYG,8,999,0,0,437,5,151,0,18,,,,,,"2025 actuals over 17 games, pro-rated to 17",,,,espn2025
Hollywood Brown,WR,PHI,10,999,0,0,0,0,665,6,56,,,,,,"2025 actuals over 15 games, pro-rated to 17",,,,espn2025
Cade Otton,TE,TB,10,999,0,0,0,0,695,1,72,,,,,,"2025 actuals over 14 games, pro-rated to 17",,,,espn2025
Mack Hollins,WR,NE,11,999,0,0,5,0,668,2,56,,,,,,"2025 actuals over 14 games, pro-rated to 17",,,,espn2025
Kendrick Bourne,WR,ARI,14,999,0,0,0,0,744,0,50,,,,,,"2025 actuals over 12 games, pro-rated to 17",,,,espn2025
Kayshon Boutte,WR,HOU,8,999,0,0,0,0,721,8,43,,,,,,"2025 actuals over 13 games, pro-rated to 17",,,,espn2025
Darius Slayton,WR,NYG,8,999,0,0,0,0,704,1,48,,,,,,"2025 actuals over 13 games, pro-rated to 17",,,,espn2025
AJ Barner,TE,SEA,11,999,0,0,14,1,519,6,52,,,,,,"2025 actuals over 17 games, pro-rated to 17",,,,espn2025
Theo Johnson,TE,NYG,8,999,0,0,0,0,641,6,55,,,,,,"2025 actuals over 14 games, pro-rated to 17",,,,espn2025
Jayden Higgins,WR,HOU,8,999,0,0,0,0,558,6,44,,,,,,"2025 actuals over 16 games, pro-rated to 17",,,,espn2025
Elic Ayomanor,WR,TEN,9,999,0,0,0,0,547,4,44,,,,,,"2025 actuals over 16 games, pro-rated to 17",,,,espn2025
Ryan Flournoy,WR,DAL,14,999,0,0,34,0,641,5,54,,,,,,"2025 actuals over 12 games, pro-rated to 17",,,,espn2025
KaVontae Turpin,WR,DAL,14,999,0,0,101,0,449,2,29,,,,,,"2025 actuals over 15 games, pro-rated to 17",,,,espn2025
Samaje Perine,RB,CIN,6,999,0,0,464,4,106,0,21,,,,,,"2025 actuals over 14 games, pro-rated to 17",,,,espn2025
DeMario Douglas,WR,NE,11,999,0,0,22,0,475,3,33,,,,,,"2025 actuals over 16 games, pro-rated to 17",,,,espn2025
Ty Johnson,RB,BUF,7,999,0,0,200,3,263,2,24,,,,,,"2025 actuals over 17 games, pro-rated to 17",,,,espn2025
Jalen Nailor,WR,LV,13,999,0,0,18,0,599,5,39,,,,,,"2025 actuals over 12 games, pro-rated to 17",,,,espn2025
Xavier Hutchinson,WR,HOU,8,999,0,0,25,0,485,3,40,,,,,,"2025 actuals over 15 games, pro-rated to 17",,,,espn2025
Andrei Iosivas,WR,CIN,6,999,0,0,18,0,569,3,43,,,,,,"2025 actuals over 13 games, pro-rated to 17",,,,espn2025
Dylan Sampson,RB,CLE,11,999,0,0,198,0,307,2,37,,,,,,"2025 actuals over 15 games, pro-rated to 17",,,,espn2025
Chimere Dike,WR,TEN,9,999,0,0,18,0,423,4,48,,,,,,"2025 actuals over 17 games, pro-rated to 17",,,,espn2025
Tyquan Thornton,WR,KC,5,999,0,0,0,0,591,4,26,,,,,,"2025 actuals over 9 games, pro-rated to 17",,,,espn2025
Bam Knight,RB,ARI,14,999,0,0,363,5,216,1,30,,,,,,"2025 actuals over 10 games, pro-rated to 17",,,,espn2025
Malik Washington,WR,MIA,6,999,0,0,110,1,317,3,46,,,,,,"2025 actuals over 17 games, pro-rated to 17",,,,espn2025
Brian Robinson Jr.,RB,ATL,11,999,0,0,425,2,27,0,8,,,,,,"2025 actuals over 16 games, pro-rated to 17",,,,espn2025
Isaiah Davis,RB,NYJ,13,999,0,0,287,1,226,0,25,,,,,,"2025 actuals over 14 games, pro-rated to 17",,,,espn2025
Dawson Knox,TE,BUF,7,999,0,0,0,0,473,5,41,,,,,,"2025 actuals over 15 games, pro-rated to 17",,,,espn2025
Jeremy McNichols,RB,WSH,,999,0,0,235,1,208,0,27,,,,,,"2025 actuals over 16 games, pro-rated to 17",,,,espn2025
Emari Demercado,RB,KC,5,999,0,0,421,0,136,1,18,,,,,,"2025 actuals over 11 games, pro-rated to 17",,,,espn2025
Colby Parkinson,TE,LAR,11,999,0,0,0,0,534,10,56,,,,,,"2025 actuals over 13 games, pro-rated to 17",,,,espn2025
Keaton Mitchell,RB,LAC,7,999,0,0,460,1,85,0,12,,,,,,"2025 actuals over 12 games, pro-rated to 17",,,,espn2025
Marvin Mims Jr.,WR,DEN,10,999,0,0,88,1,365,1,42,,,,,,"2025 actuals over 15 games, pro-rated to 17",,,,espn2025
Jalen Coker,WR,CAR,5,999,0,0,0,0,532,4,45,,,,,,"2025 actuals over 10 games, pro-rated to 17",,,,espn2025
Sterling Shepard,WR,HOU,8,999,0,0,25,0,485,1,51,,,,,,"2025 actuals over 13 games, pro-rated to 17",,,,espn2025
Pat Bryant,WR,DEN,10,999,0,0,0,0,510,1,42,,,,,,"2025 actuals over 11 games, pro-rated to 17",,,,espn2025
Calvin Austin III,WR,NYG,8,999,0,0,0,0,502,4,42,,,,,,"2025 actuals over 12 games, pro-rated to 17",,,,espn2025
Mason Taylor,TE,NYJ,13,999,0,0,0,0,483,1,58,,,,,,"2025 actuals over 13 games, pro-rated to 17",,,,espn2025
Isaiah Bond,WR,CLE,11,999,0,0,38,0,442,0,24,,,,,,"2025 actuals over 13 games, pro-rated to 17",,,,espn2025
Darnell Washington,TE,PIT,9,999,0,0,0,0,491,1,42,,,,,,"2025 actuals over 12 games, pro-rated to 17",,,,espn2025
Xavier Legette,WR,CAR,5,999,0,0,0,0,441,4,42,,,,,,"2025 actuals over 14 games, pro-rated to 17",,,,espn2025
Gunnar Helm,TE,TEN,9,999,0,0,0,0,379,2,47,,,,,,"2025 actuals over 16 games, pro-rated to 17",,,,espn2025
Sean Tucker,RB,TB,10,999,0,0,389,8,41,1,10,,,,,,"2025 actuals over 14 games, pro-rated to 17",,,,espn2025
Van Jefferson,WR,WSH,,999,0,0,0,0,425,1,35,,,,,,"2025 actuals over 14 games, pro-rated to 17",,,,espn2025
Cole Kmet,TE,CHI,10,999,0,0,0,0,369,2,32,,,,,,"2025 actuals over 16 games, pro-rated to 17",,,,espn2025
Tez Johnson,WR,TB,10,999,0,0,30,0,435,7,38,,,,,,"2025 actuals over 12 games, pro-rated to 17",,,,espn2025
Olamide Zaccheaus,WR,ATL,11,999,0,0,33,0,409,3,51,,,,,,"2025 actuals over 13 games, pro-rated to 17",,,,espn2025
Dontayvion Wicks,WR,PHI,10,999,0,0,8,0,434,3,39,,,,,,"2025 actuals over 13 games, pro-rated to 17",,,,espn2025
Tre' Harris,WR,LAC,7,999,0,0,12,0,393,1,36,,,,,,"2025 actuals over 14 games, pro-rated to 17",,,,espn2025
Jaylen Wright,RB,MIA,6,999,0,0,389,3,59,0,7,,,,,,"2025 actuals over 9 games, pro-rated to 17",,,,espn2025
Michael Mayer,TE,LV,13,999,0,0,0,0,443,1,47,,,,,,"2025 actuals over 11 games, pro-rated to 17",,,,espn2025
Greg Dulcich,TE,MIA,6,999,0,0,-9,0,452,1,35,,,,,,"2025 actuals over 9 games, pro-rated to 17",,,,espn2025
Brashard Smith,RB,KC,5,999,0,0,171,0,195,1,28,,,,,,"2025 actuals over 15 games, pro-rated to 17",,,,espn2025
Kalif Raymond,WR,CHI,10,999,0,0,26,0,390,1,32,,,,,,"2025 actuals over 11 games, pro-rated to 17",,,,espn2025
Mike Gesicki,TE,CIN,6,999,0,0,0,0,414,3,38,,,,,,"2025 actuals over 12 games, pro-rated to 17",,,,espn2025
Jaylin Noel,WR,HOU,8,999,0,0,16,0,382,3,34,,,,,,"2025 actuals over 13 games, pro-rated to 17",,,,espn2025
Joshua Palmer,WR,BUF,7,999,0,0,0,0,409,0,30,,,,,,"2025 actuals over 12 games, pro-rated to 17",,,,espn2025
Xavier Smith,WR,LAR,11,999,0,0,0,0,409,0,24,,,,,,"2025 actuals over 10 games, pro-rated to 17",,,,espn2025
Elijah Higgins,TE,ARI,14,999,0,0,0,0,365,0,36,,,,,,"2025 actuals over 14 games, pro-rated to 17",,,,espn2025
Devaughn Vele,WR,NO,8,999,0,0,0,0,396,3,34,,,,,,"2025 actuals over 9 games, pro-rated to 17",,,,espn2025
Jake Tonges,TE,SF,8,999,0,0,0,0,396,7,46,,,,,,"2025 actuals over 9 games, pro-rated to 17",,,,espn2025
Jonnu Smith,TE,GB,11,999,0,0,79,1,252,2,43,,,,,,"2025 actuals over 15 games, pro-rated to 17",,,,espn2025
Noah Fant,TE,NO,8,999,0,0,0,0,389,4,46,,,,,,"2025 actuals over 12 games, pro-rated to 17",,,,espn2025
Darren Waller,TE,CAR,5,999,0,0,5,0,382,8,32,,,,,,"2025 actuals over 8 games, pro-rated to 17",,,,espn2025
Daniel Bellinger,TE,TEN,9,999,0,0,0,0,386,3,26,,,,,,"2025 actuals over 10 games, pro-rated to 17",,,,espn2025
Demarcus Robinson,WR,SF,8,999,0,0,8,0,373,1,30,,,,,,"2025 actuals over 12 games, pro-rated to 17",,,,espn2025
Tyler Higbee,TE,LAR,11,999,0,0,0,0,379,4,34,,,,,,"2025 actuals over 8 games, pro-rated to 17",,,,espn2025
John Metchie III,WR,CAR,5,999,0,0,-7,0,370,3,45,,,,,,"2025 actuals over 12 games, pro-rated to 17",,,,espn2025
Malik Davis,RB,DAL,14,999,0,0,338,3,22,0,3,,,,,,"2025 actuals over 9 games, pro-rated to 17",,,,espn2025
Austin Hooper,TE,ATL,11,999,0,0,0,0,355,3,28,,,,,,"2025 actuals over 12 games, pro-rated to 17",,,,espn2025
Jahan Dotson,WR,ATL,11,999,0,0,0,0,354,1,24,,,,,,"2025 actuals over 11 games, pro-rated to 17",,,,espn2025
Justice Hill,RB,BAL,13,999,0,0,126,3,228,1,28,,,,,,"2025 actuals over 9 games, pro-rated to 17",,,,espn2025
